Name,northing,CENTER of easting,Length,Thickness,Porosity,Permeability,water saturation,Young's modulus,oil saturation,poisson's ratio,average pressure (Pa),recovery factor,E prime calculation,b calculation,Area method one,Area method two,Area average,original oil in place,recoverable reserves
Brisket 1-204H.csv,33900.0,88867.87,4536.0,40.84900314875135,0.061100000000000015,0.015659999999999997,0.0625453913983111,10622350.07191,0.9374546086016889,0.3039999999999999,35023133,0.1072143411760943,11703985.605640909,122.23699843808845,26.48053521573543,21.07199445367666,23.776264834706044,269740.6151634615,28920.062343184913
Brisket 1-44H.csv,3900.0,6117.4,8435.0,5.0,0.0567,0.01298,0.22137687847949214,4556389.1352900015,0.7786231215205082,0.3605400000000001,36087449,0.07210349773741616,5237163.225538704,34.45324066282848,13.401038293017681,10.565269006672075,11.983153649844878,12825.70598267549,924.7782623026071
Brisket 10-65H.csv,14400.0,83103.15,6006.0,58.05231275254134,0.08059999999999996,0.02811,0.0658598429735924,8361116.204349999,0.9341401570264075,0.31912,36199370,0.09741469884927062,9309136.038244437,225.7413727817072,65.78919394604347,52.566180514986584,59.177687230515026,1254164.174590341,122174.02537526214
Brisket 2-149H.csv,62100.0,85911.09,6622.0,28.468096273253877,0.04539999999999999,0.008950000000000001,0.19007190253775835,9908357.95786,0.8099280974622418,0.29749,31397763,0.0852644801825409,10870390.80643366,82.22653221628342,25.435260872646985,20.122726787610333,22.77899383012866,115617.89916212801,9858.100071856277
Brisket 3-212H.csv,43000.0,21815.15,8230.0,82.05943101849216,0.03729999999999999,0.006090000000000001,0.04779468959321451,12199244.419240003,0.9522053104067855,0.32134,30569755,0.07949755612510061,13603983.53702562,184.39721680398134,71.98166483222033,57.177338297480254,64.57950156485029,912625.1097650065,72551.4658847197
Brisket 6-50H.csv,83000.0,7107.31,5815.0,22.950507809442737,0.0184,0.0016900000000000003,0.09438473975363562,8686744.41975,0.9056152602463645,0.3471400000000001,40108485,0.0748038739806004,9876981.757301271,93.19750920233872,25.45645363621203,20.169193146895953,22.81282339155399,42302.17381061332,3164.366478834573
Brisket 7-105H.csv,1700.0,41416.92,8634.0,13.828009715525246,0.0652,0.0181,0.20478903493385764,9297470.45086,0.7952109650661424,0.29825,33614502,0.11272364627520964,10205259.540604075,45.54726495579443,18.167871083726087,14.330602514838784,16.249236799282436,56487.50488330425,6367.477519434766
Brisket 7-212H.csv,28400.0,78851.66,6703.0,77.48649405666693,0.08220000000000001,0.03032000000000001,0.10075770753284749,9837799.25751,0.8992422924671524,0.30257,36122080,0.09684803833113284,10829197.148656568,258.46545213018663,84.18923326312961,67.29263717287111,75.74093521800036,2103463.637921748,203716.3270335896
Brisket 9-106H.csv,73000.0,52273.87,6148.0,44.58085877266161,0.04699999999999999,0.00901,0.0,10087972.108150002,1.0,0.31142,47255446,0.0924797637702767,11171401.63310326,188.5786970654217,55.68120827955914,44.372676802321365,50.026942540940254,508253.1066944711,47003.127242613926
Burger 10-170H.csv,8900.0,29393.76,7588.0,53.39595238228081,0.053599999999999995,0.01188,0.19462431395645813,10155469.75313,0.8053756860435418,0.31066000000000005,36429211,0.10546376299527227,11240263.486234475,173.0539874142843,62.32189536132099,49.51214287747449,55.917019119397736,624950.2487232358,65909.6049151838
Burger 2-179H.csv,73300.0,53866.67,7533.0,49.302468376504684,0.044399999999999995,0.008150000000000001,0.00033245649680876195,10032375.5571,0.9996675435031912,0.31283,46536007,0.09185949468449196,11120673.697902333,206.31304144092246,74.27341115504217,59.11351864993663,66.6934649024894,707652.9128400626,65004.63898549699
Burger 3-45H.csv,64800.0,61374.14,8948.0,54.655185371231575,0.05789999999999999,0.014320000000000005,0.04664068061455861,9333535.070889998,0.9533593193854412,0.3299299999999999,39987032,0.09883628921361476,10473629.492232343,208.66679005842443,88.6848010505013,70.47070109452305,79.57775107251217,1164093.87923132,115054.71931950547
Burger 6-148H.csv,73900.0,19027.67,7255.0,5.0,0.0137,0.0009,0.09841855917033698,8770838.14499,0.9015814408296629,0.31142999999999993,31737857,0.11966738750474715,9712876.915062394,16.338031088802346,5.450250180607274,4.29359210826196,4.871921144434617,1458.9001788674582,174.58277303527703
Burger 6-59H.csv,54300.0,89583.07,6966.0,14.058984633788507,0.04740000000000001,0.00953,0.18824189687593887,10647705.12019,0.811758103124061,0.28963,30456326,0.08992555858328162,11622679.860505305,36.84047262547914,11.85624967535437,9.352122253554688,10.60418596445453,27814.16703091798,2501.204506783995
Dakota 10-199H.csv,95200.0,55163.35,8527.0,87.14457247183276,0.0451,0.008610000000000001,0.18308747420271299,6941446.988489999,0.8169125257972868,0.30967,41507917,0.03485145368184089,7677704.354774883,471.12906593124194,200.04469997161067,160.87474074682052,180.4597203592156,2809328.4243292105,97909.17945758853
Dakota 13-166H.csv,32400.0,83815.71,11031.0,58.979025737561535,0.07050000000000001,0.021769999999999998,0.08687725390733178,10284908.694330001,0.9131227460926684,0.3045200000000001,35701121,0.10186417306088212,11336136.150953194,185.74382896254724,96.36352165268231,76.37408333037133,86.36880249152682,1590019.9126923678,161966.06355674405
Federal 12-111H.csv,41000.0,29053.48,9907.0,93.60017832149958,0.0384,0.006340000000000001,0.07603263192154788,12687355.662410002,0.9239673680784521,0.31714000000000003,32031850,0.08505115721303659,14106117.654918015,212.54514851733327,99.73178473416498,79.19019188998995,89.46098831207746,1440548.9433496778,122520.3546539072
Federal 12-25H.csv,13400.0,72107.28,9615.0,50.76723323910958,0.09019999999999997,0.03638,0.09517930634536484,5976905.330569999,0.9048206936546354,0.30438999999999994,36939151,0.11119963017332096,6587234.126476866,284.6867833244417,131.2518244048995,104.55230992115443,117.90206716302697,2368665.6920755375,263394.74896303314
Federal 14-113H.csv,31000.0,84831.86,10664.0,57.315354734029455,0.07170000000000001,0.022610000000000005,0.07106069372409031,10276158.26284,0.9289393062759096,0.3055999999999999,35817881,0.1037484482994003,11334723.506319111,181.1173033194637,90.85738852961288,72.01437203814507,81.43588028387897,1507381.1074682407,156388.45089566155
Federal 3-123H.csv,25100.0,61345.01,8890.0,99.51328933730372,0.08619999999999997,0.03174,0.20476220484215543,8966439.56794,0.7952377951578447,0.2990900000000001,39329055,0.09651637177547044,9847330.856996443,397.4441080952446,173.26020463319233,138.80422369753677,156.03221416536456,5160947.296548696,498115.90798730304
Federal 3-125H.csv,39300.0,63452.2,8104.0,88.97884281004903,0.0767,0.025220000000000003,0.26279326639175105,8679464.21362,0.7372067336082488,0.31958000000000003,39236797,0.07975594299420756,9666741.86566374,361.16044486857584,143.49296662906124,114.95077347137405,129.22187005021766,3152370.284299263,251420.26469120587
Federal 7-130H.csv,8700.0,56824.07,7448.0,18.064874115878855,0.08629999999999999,0.03137000000000001,0.1686533230490544,8056002.438770001,0.8313466769509458,0.29799999999999993,34414031,0.12088050719606487,8841130.161644697,70.31738323817434,24.35238152615445,19.242360989757298,21.797371257955874,136981.4674248851,16558.38925878135
Federal 8-142H.csv,73500.0,74137.3,6675.0,78.50295295682398,0.049699999999999994,0.010839999999999999,0.08818093980382814,9746399.198269999,0.9118190601961718,0.31618,32806429,0.10818174253209396,10828968.97900741,237.82518515483352,76.80772678824523,61.324694489299965,69.0662106387726,1191369.4785564016,128884.42618978367
Federal 8-166H.csv,28600.0,73438.37,6677.0,92.38281544039936,0.08259999999999999,0.030219999999999997,0.13956332038003352,9749072.547389999,0.8604366796199665,0.2983599999999999,36322678,0.09018447558300392,10701726.189211618,313.5560748468613,103.00346123699077,82.58756432041258,92.79551277870168,2954247.829830258,266427.29127546924
Federal 8-38H.csv,91000.0,48410.73,7621.0,61.906270579278655,0.035300000000000005,0.00529,0.09360241329457131,6346108.286760001,0.9063975867054286,0.3141299999999999,40759019,0.026920227205104175,7040886.465693564,358.369485299094,134.38117566184337,107.74852245851605,121.06484906017971,1162722.1476458951,31300.74439103418
Fennel 10-129H.csv,200.0,13681.29,10963.0,4.604195334850263,0.05,0.010619999999999997,0.23083102053790963,5329991.58621,0.7691689794620906,0.3442100000000001,36064538,0.07915018324414136,6046368.494318596,27.46246408388033,13.84905694462911,10.91116986270367,12.380113403666389,10629.183903313708,841.3018536829577
Fennel 8-70H.csv,82800.0,80407.62,6615.0,78.36407403048433,0.0433,0.007720000000000001,0.19179060885998445,9626585.338730002,0.8082093911400154,0.29663000000000006,36831126,0.1133841692758716,10555343.198636848,273.4384879937238,88.25850404893514,70.61850291468119,79.43850348180817,1056305.7447295466,119768.34936749052
Golden 1-209H.csv,30300.0,9636.66,6073.0,5.0,0.0482,0.00986,0.06863522516811055,11085099.267650003,0.9313647748318894,0.3351900000000001,32004331,0.1021815960801231,12488174.890187984,12.813854418849447,3.5773862348957275,2.818018981846127,3.1977026083709275,3480.2041039342303,355.6128100245943
Golden 11-109H.csv,42400.0,90124.95,6450.0,23.92141205100357,0.057800000000000004,0.013569999999999997,0.1247303310272273,10948874.28784,0.8752696689727728,0.2950600000000001,32403741,0.10127430956393997,11992988.726762164,64.63303335933925,19.40183071240852,15.334301371203766,17.36806604180614,101914.92372466852,10321.36353447741
Golden 14-27H.csv,63400.0,20653.3,8707.0,20.638621556821214,0.021199999999999993,0.00197,0.04722113390362922,9179936.078540001,0.952778866096371,0.29973000000000005,29323042,0.1083848962124346,10086047.114483835,60.00241322130141,24.196853772507648,19.099152107938874,21.64800294022326,43757.88219508498,4742.693520190226
Golden 4-21H.csv,7100.0,42854.96,10110.0,27.610267626287236,0.06970000000000001,0.02075,0.20306012819782623,10412931.637969999,0.7969398718021737,0.2998599999999999,34138366,0.11589474269995875,11441726.106851488,82.38000217639532,38.649345975627114,30.522878754820656,34.58611236522388,257193.79737437615,29807.40897072865
Golden 5-19H.csv,50700.0,71188.95,10978.0,56.31449798482864,0.0685,0.02006,0.2447102076383146,8113379.772789999,0.7552897923616851,0.33144999999999997,38466539,0.08144181722161488,9114714.081306435,237.66229128806,123.60964469904037,98.15758265158492,110.88361367531265,1566468.144066552,127576.0122725504
Golden 7-109H.csv,50900.0,90260.64,7121.0,13.00291416833671,0.05260000000000001,0.011530000000000002,0.17589229680379098,10899676.174660001,0.8241077031962092,0.28880999999999996,30389945,0.093677749784382,11891566.170254553,33.23009271931878,10.92169644522215,8.612693871001307,9.76719515811173,26693.77967952012,2500.6132136175065
Golden 8-162H.csv,2200.0,58661.43,6923.0,4.139716800556797,0.08539999999999999,0.031470000000000005,0.15212512170104736,6638135.25938,0.8478748782989526,0.29996,33602156,0.12011587768489865,7294461.762603116,19.069729097940964,6.075187253355138,4.786927653963628,5.431057453659383,7893.58809203146,948.1452617574233
Golden 9-62H.csv,84100.0,89828.71,8457.0,49.621311134755885,0.0308,0.004470000000000001,0.12631804603503055,8124426.368179998,0.8736819539649694,0.28315999999999997,38865547,0.10176105386594124,8832622.369530221,218.3450530798649,88.03808206592078,70.025683327774,79.03188269684739,511687.0640091467,52069.8148831401
Gunnison 12-38H.csv,52100.0,66370.8,10142.0,54.660007221929106,0.0696,0.020769999999999997,0.23267090880665425,7854167.69725,0.7673290911933459,0.3375699999999999,39067224,0.08258566035382932,8864283.918152142,240.9009871184127,116.1226246597397,92.2891301038559,104.20587738179779,1474967.98948831,121811.20541265205
Gunnison 13-160H.csv,69500.0,29960.0,10320.0,11.106059927521564,0.0217,0.00218,0.0499427211462279,8595427.27218,0.9500572788537721,0.30660000000000004,28949964,0.13978140156734803,9487263.8486085,33.88964829208891,16.10745672085213,12.694680690300032,14.401068705576082,15987.996739558654,2234.824592509699
Gunnison 4-93H.csv,45200.0,31664.47,6929.0,95.12736734761151,0.04179999999999999,0.007240000000000001,0.07779500982236022,12377904.825400002,0.9222049901776398,0.29326,31261369,0.08268892265919785,13542586.606998516,219.58964110411765,73.18578741041307,58.34505309610937,65.76542025326123,1169328.7286725885,96690.53280838582
Gunnison 5-129H.csv,67000.0,43468.96,5938.0,25.365780193403744,0.03869999999999999,0.00666,0.018541862430759073,9973504.58639,0.9814581375692407,0.30534999999999995,41164075,0.11332402959661356,10999039.91708116,94.93182006669878,26.477032912593952,20.977460208885248,23.7272465607396,110842.9577048187,12561.17061951706
Gunnison 7-24H.csv,83400.0,59850.68,4901.0,81.88555054143959,0.048600000000000004,0.009640000000000003,0.10695357754278163,9207248.271799998,0.8930464224572182,0.3090000000000001,41733061,0.07756307299191807,10179165.138377413,335.718561326849,83.50040485349275,67.46096294216377,75.48068389782827,1300718.1388322045,100887.6959441541
Gunnison 8-30H.csv,56300.0,21846.69,4893.0,60.07968533958433,0.026000000000000002,0.0030299999999999997,0.03706303303280548,10317326.159049999,0.9629369669671947,0.2964,28944081,0.08931199571831484,11311033.974357905,153.7393736828694,36.1683287710975,28.83104867472701,32.49968872291225,237032.4748047405,21169.843374862554
Johnson 7-3H.csv,1400.0,52694.96,1590.0,5.0,0.0784,0.026449999999999994,0.17767959424409205,8005828.127509998,0.8223204057559081,0.29799999999999993,32690239,0.11925849492072405,8786065.926002746,18.603456470348014,1.3802121639369695,1.0916123212155,1.2359122425762348,1931.7217121668923,230.3742239987077
King 10-202H.csv,87300.0,34722.9,6846.0,31.49764714048207,0.0198,0.00198,0.22031960062355335,8563058.65047,0.7796803993764467,0.33063,35526032,0.08623077416055497,9614027.582702765,116.39101413134253,37.48418114570457,29.710502545442797,33.59734184557368,79212.66613845994,6830.569524440979
King 12-179H.csv,63300.0,55349.21,7098.0,39.23618603941323,0.0568,0.013340000000000001,0.05551551361359828,9630272.71859,0.9444844863864017,0.3247499999999999,42711482,0.09875315759231144,10765645.25404785,155.66513796662028,52.36994789540295,41.59128332862846,46.980615612015704,479488.7759444576,47351.030654587536
King 13-150H.csv,76200.0,59640.62,2881.0,70.10221064984012,0.049800000000000004,0.00982,0.026821274854919287,9802405.360369999,0.9731787251450809,0.31529999999999986,42447496,0.09179017710786276,10884475.596969975,273.3860055672882,41.467411457211284,33.792491547004346,37.629951502107815,619893.5444435318,56900.13823249258
King 13-215H.csv,54200.0,42615.54,7831.0,43.254096921651964,0.05079999999999999,0.011139999999999999,0.11365178158351905,10028745.90969,0.886348218416481,0.30356,33520821,0.09788702500429504,11046683.105545552,131.25323018449535,48.33469867603596,38.30705136286224,43.320875019449105,409093.2843497932,40044.92455423739
King 13-28H.csv,59900.0,81655.06,7310.0,38.86009454686042,0.05260000000000001,0.012080000000000002,0.18206748777629375,9562233.98276,0.8179325122237063,0.30862,32092028,0.08825544116921302,10568880.822773175,117.99728497205862,40.523753252198084,32.10853634912613,36.31614480066211,294399.1828066783,25982.329758459186
King 14-181H.csv,91600.0,88244.5,8489.0,66.1362845957089,0.029900000000000003,0.0041800000000000006,0.13359147997345192,7493251.213230001,0.866408520026548,0.28326,41995291,0.1083089153517699,8146930.155421722,340.91522380454745,140.96642815748558,112.742345458719,126.85438680810229,1053826.1694588708,114138.76938340075
King 14-184H.csv,25600.0,62859.2,4318.0,100.04079294321569,0.08759999999999998,0.03388,0.19849068504023626,8970672.017699998,0.8015093149597636,0.29815,38890043,0.09469419426400792,9845908.52402226,395.1479672823902,89.41654391346353,72.78934427885004,81.10294409615679,2762206.9766296423,261564.96404236535
King 2-120H.csv,67400.0,76279.98,10960.0,62.573136632017096,0.0512,0.01133,0.10087279184200164,9382380.565990001,0.8991272081579984,0.31822,31990298,0.09886248823643533,10439528.667040037,191.74556165288092,98.93625748466627,78.43394540810051,88.68510144638338,1238681.0290177357,122459.0886599615
King 5-15H.csv,34600.0,43324.13,5648.0,108.19952258280472,0.05879999999999999,0.01523,0.21286856763375817,10621729.35279,0.7871314323662417,0.32873,39460644,0.0931518788555493,11908614.924436482,358.53227841373473,102.034773986082,82.29303502956371,92.16390450782285,2237899.5234568478,208464.5452999438
King 7-184H.csv,79200.0,9038.0,7276.0,2.231946278319185,0.017200000000000003,0.0015900000000000003,0.09377190776861175,8748670.56752,0.9062280922313881,0.3315699999999999,38442406,0.08467458828474203,9829289.536026267,8.729154298167355,2.915602218724271,2.2958191859868524,2.6057107023555615,439.54737847567753,37.218493304065674
King 7-188H.csv,52700.0,87616.9,8034.0,19.605302878314493,0.053200000000000004,0.012109999999999996,0.19087770137077353,10527947.72613,0.8091222986292262,0.29374,30928680,0.09114978888699136,11522112.303566933,52.6263000264937,19.571594866680545,15.446118780041669,17.508856823361107,71645.17409525563,6530.442493554293
Laramie 14-76H.csv,37200.0,39664.35,7529.0,101.36989653383507,0.057999999999999996,0.014239999999999997,0.17315487935206172,11327859.734210003,0.8268451206479385,0.32876,36788594,0.09109846964271393,12700578.060301064,293.6288371835624,107.49884382106364,85.93825633642334,96.71855007874349,2279820.9206625656,207688.19693180284
Laramie 9-10H.csv,55400.0,83004.0,6808.0,32.76020142518176,0.05429999999999999,0.01311,0.19997480130093565,9801975.18016,0.8000251986990644,0.30515000000000003,32239492,0.08825445854724043,10808417.42445352,97.71756680825425,31.16885652367748,24.678329632608232,27.923593078142858,192686.4397683518,17005.437411151343
Peak 3-55H.csv,7100.0,84226.92,7654.0,44.322597912742594,0.0758,0.02556,0.07492405321270415,7634452.1667100005,0.9250759467872959,0.32724,35673814,0.0909449025275318,8550042.128570884,184.92962843450377,67.31596740088607,53.50838033080995,60.412173865848004,910387.0236593314,82795.05912902768
Peak 6-217H.csv,1600.0,81782.32,7565.0,27.492502214642403,0.0785,0.026969999999999997,0.08131831296768206,6277893.93878,0.9186816870323179,0.32661999999999997,35352874,0.09255389856548027,7027603.016629343,138.30305503015538,49.315390021957136,39.10828784549964,44.21183893372839,425027.8190045089,39337.981647650624
Peak 9-46H.csv,28800.0,84286.68,8973.0,61.04122942852086,0.07100000000000001,0.021700000000000004,0.06431388278903948,10126143.46547,0.9356861172109606,0.30674999999999997,36042472,0.10352728838296496,11177937.811426163,196.82313854654888,83.7088498286639,66.48019406512229,75.0945219468931,1476555.7741181322,152863.81544065994
Pepper 6-133H.csv,39700.0,89437.72,8475.0,30.41512293179455,0.0594,0.01462,0.10718100475817346,10838614.432260001,0.8928189952418264,0.29827000000000004,33365529,0.10293175327476684,11897033.975413743,85.29997210368256,33.64703374792874,26.593532556146123,30.12028315203743,235574.5040636852,24248.096730108802
Pepper 8-129H.csv,100.0,41682.5,10165.0,8.973563759668119,0.06580000000000001,0.0184,0.20453856185540023,8883342.13703,0.7954614381445997,0.29850999999999994,33434514,0.11180752993669413,9752357.341511233,30.764535449848886,14.396709895237866,11.345159991154127,12.870934943195996,29312.297875286124,3277.335622204349
Pikachu 13-133H.csv,14400.0,65947.32,5295.0,51.41358626570422,0.08779999999999999,0.03361,0.12904276222373456,6429759.532850001,0.8709572377762654,0.29851999999999995,37014581,0.11424878088381045,7058798.660694386,269.60003320808556,70.63936840812609,56.71961380916138,63.67949110864373,1213943.9179140253,138691.61268299384
Pikachu 3-200H.csv,52600.0,70486.81,9174.0,55.23513100273108,0.06640000000000001,0.018709999999999997,0.2307063587496691,8049739.107140001,0.7692936412503312,0.3337000000000001,38314718,0.08271680718505657,9058448.939081151,233.62923192426456,102.13300112482973,81.22559713600205,91.6792991304159,1254228.5650262171,103745.7823792638
Pole 10-155H.csv,74000.0,6710.93,8822.0,5.0,0.0219,0.00232,0.07475240906993613,8447225.41778,0.9252475909300641,0.32215999999999995,38687804,0.07801084069485953,9425466.97725946,20.523017105327988,8.326032863885057,6.559280721695178,7.4426567927901175,3656.1993522922035,285.22318522031566
Pole 11-4H.csv,25400.0,62570.5,6941.0,99.65339353332546,0.08649999999999998,0.032510000000000004,0.1990076297098237,8963008.35963,0.8009923702901761,0.29837,38969367,0.09526554750107806,9838914.332334578,394.70103450673366,136.739176303222,110.02778075607188,123.38347852964694,4130697.4060579473,393513.1499493933
Pole 14-200H.csv,26400.0,87171.71,10943.0,55.034840820172555,0.07289999999999999,0.02318,0.042053068558424445,10189401.67683,0.9579469314415755,0.31066000000000005,36084417,0.10475208798433652,11277819.97276384,176.08900926595007,90.52225626078427,71.72281655513827,81.12253640796126,1511743.1424065428,158358.25066308756
Pole 3-201H.csv,12300.0,77264.8,8930.0,51.10370816895383,0.08620000000000001,0.03259000000000001,0.07852046620112774,6547597.834759999,0.9214795337988723,0.31216,36605204,0.10531181112708464,7254504.828237306,257.8620742520828,110.29347292411029,87.83239721201407,99.06293506806219,1949783.352456843,205335.21615266896
Salt 12-135H.csv,88300.0,49185.01,6970.0,58.35514278469882,0.0398,0.006550000000000001,0.06334699731668852,6679438.777589999,0.9366530026833114,0.31190000000000007,41403089,0.0340079237607405,7399249.701327121,326.5308332396523,111.9542707207669,89.76057696658488,100.85742384367589,1063845.5992433843,36179.180032268305
State 10-157H.csv,2700.0,47739.0,11678.0,6.43998659905996,0.0735,0.023200000000000002,0.1928614728455596,9049970.122039998,0.8071385271544402,0.29744,32926326,0.11761225814099488,9928335.456174241,21.357567855386346,11.460718873430642,9.026885039739442,10.243801956585042,18976.291671755767,2231.8445146573504
State 11-28H.csv,31500.0,43087.62,6375.0,111.75701400772505,0.0673,0.01961,0.2138379735105264,10802652.69525,0.7861620264894732,0.33057,40465784,0.09659994512598513,12127953.284308808,372.8852744817702,118.92566005367183,95.74899646082153,107.33732825724668,3077389.6576689514,297275.6720620949
State 13-178H.csv,14600.0,8222.15,7244.0,5.0,0.05710000000000001,0.013219999999999999,0.16818212715786346,7571436.1272599995,0.8318178728421368,0.35226,34863655,0.0901649788082393,8644051.472417852,20.166269897423568,6.722715607750293,5.297211887478109,6.009963747614201,6920.4766093841545,623.984626828038
State 13-31H.csv,81200.0,48107.48,6415.0,44.258795048220854,0.0394,0.006500000000000001,0.02274146658994901,8259373.842720001,0.9772585334100511,0.3107599999999999,43423412,0.0670828764370406,9142257.943612367,210.21807783768014,64.96976107711784,51.816526627257836,58.39314385218783,482499.5691465543,32367.458977983628
State 3-156H.csv,25100.0,85172.17,13344.0,60.933053882422534,0.0746,0.024170000000000004,0.051722477852926704,9939256.38319,0.9482775221470735,0.31012000000000006,36169798,0.1028311432708798,10996874.332332468,200.41478913425738,125.426240056553,99.33473361284422,112.38048683469862,2348810.233212023,241530.84160753415
State 3-95H.csv,23300.0,81373.8,9148.0,69.39917229394624,0.07929999999999998,0.02797,0.06921094352146785,9374241.408290002,0.9307890564785322,0.30788,36312036,0.10091777151267532,10355875.858513145,243.34255036828853,106.2594864945028,84.54493335311516,95.40220992380898,2369555.9851539414,239130.30949625775
State 4-164H.csv,71900.0,74293.17,9186.0,75.1121324728429,0.0545,0.012519999999999998,0.07926901162438446,9626676.19056,0.9207309883756153,0.31775,32431823,0.10618664372634763,10707788.751046175,227.50013491569752,99.47834424514166,79.09258310500275,89.28546367507221,1631736.0380897217,173268.5733320753
State 4-189H.csv,1600.0,58710.37,4621.0,5.0,0.08609999999999998,0.030469999999999997,0.15175081161971227,6546782.40884,0.8482491883802876,0.30010999999999993,33530183,0.11982344719546766,7194788.298818308,23.301716191918455,4.972743448753923,3.9220566730290773,4.4474000608915,7874.674275204467,943.57061719647
State 8-197H.csv,76500.0,53120.89,6042.0,51.68805759280362,0.044500000000000005,0.00849,0.0022504871222640927,9553809.971460002,0.9977495128777361,0.3109199999999999,45927869,0.0832374479848518,10576227.019659879,224.45833789062166,65.76478460774705,52.53802982306661,59.15140721540683,658213.2506462871,54787.99121361055
Sugar 1-146H.csv,8100.0,10077.87,8956.0,4.6547496347198924,0.0539,0.01214,0.20563328696032915,6278427.98296,0.7943667130396709,0.35357,35721355,0.08328975985265191,7175442.580360642,23.172642283145773,9.547658965068898,7.522517897458353,8.535088431263626,8247.910634836935,686.9664960617021
Sundae 1-129H.csv,70900.0,88785.62,9371.0,30.30291885175418,0.0395,0.006680000000000002,0.18462158752190683,9524673.87977,0.8153784124780931,0.28871,33329619,0.08323161357866446,10390781.513637966,97.20007475773339,42.41477918676314,33.527544490393566,37.971161838578354,179690.22232999175,14955.907148834178
Sundae 1-163H.csv,35600.0,58760.11,5120.0,102.6967847982665,0.07919999999999998,0.026109999999999998,0.2646247158460588,8840150.58336,0.7353752841539415,0.31516,40339820,0.0841321419461832,9815037.26278043,422.0839618256561,111.8403162084049,90.7780227271859,101.3091694677954,2938120.5142296883,247190.3721581649
Sundae 14-192H.csv,34100.0,56742.73,5885.0,108.03078676861955,0.08,0.027030000000000002,0.2644996094920855,8927956.87871,0.7355003905079143,0.3139800000000001,41082535,0.08681823268456991,9904363.064587748,448.1033812631223,135.28059673533087,109.57644674458723,122.42852173995905,3773399.8850847716,327599.90923521906
Sundae 2-159H.csv,9200.0,15922.4,6445.0,11.01941317345129,0.0495,0.010599999999999998,0.19668184564621088,7839424.0932599995,0.8033181543537888,0.3413300000000001,35794947,0.0926767001719872,8873207.50559115,44.452844167821866,13.269304062046944,10.473803469245563,11.871553765646254,25222.527507089315,2337.5406193542162
Sundae 2-27H.csv,51600.0,79161.11,6322.0,43.727440743929826,0.061000000000000006,0.01671,0.21668244793126765,9262404.266549999,0.7833175520687322,0.31456,34643434,0.08674785041085034,10279544.577628054,147.36729783711792,44.2505947304443,35.16226488033426,39.70642980538928,402265.12736625626,34895.63509426966
Sundae 7-180H.csv,16500.0,10345.92,9692.0,4.831968461023923,0.054400000000000004,0.01246,0.1543558920620257,8545371.000009999,0.8456441079379744,0.34774000000000016,34597999,0.0957222666704329,9720845.894014994,17.197725568869032,7.658416389788865,6.03191125519568,6.845163822492273,7377.755471435586,706.2154766660026
Sundae 7-185H.csv,73300.0,87460.62,8721.0,38.62542578459235,0.038599999999999995,0.006230000000000001,0.17426672928493125,9398518.32274,0.8257332707150686,0.29049,33885182,0.08825480628099683,10264699.219142223,127.50783579684646,52.12069793908979,41.271711837649875,46.696204888369834,278747.9914384058,24600.84998561347
Sundae 8-150H.csv,50100.0,26435.08,8470.0,88.4141871934759,0.033999999999999996,0.00497,0.042474581114717094,11904281.70552,0.957525418885283,0.2831099999999999,29441965,0.080948622522117,12941564.568662595,201.14163098618093,80.9723171904207,64.35308514487451,72.66270116764761,1014127.4039607784,82092.21641255551
Sundae 8-6H.csv,8500.0,14861.09,6322.0,7.894136667021831,0.048900000000000006,0.010029999999999999,0.20107253531854988,7429968.070009999,0.7989274646814502,0.3436199999999999,35796041,0.09045848228178884,8424713.643070154,33.541655154624195,9.796909815304911,7.727785283221402,8.762347549263156,13103.011395292548,1185.2785241391482
Sutherland 1-11H.csv,25200.0,43756.85,9314.0,103.73628719535607,0.0675,0.01988,0.2159160400808179,10985304.978660002,0.784083959919182,0.32577,40670297,0.10398764753386013,12289546.536042972,343.29872119682545,154.9878093166641,123.80270603123166,139.3952576739479,3710862.257407076,385883.83646995155
Sutherland 11-157H.csv,88700.0,63506.05,6012.0,98.75499484653722,0.049,0.010089999999999998,0.23510719624639673,9543119.81636,0.7648928037536034,0.30449999999999994,40785926,0.08444371737158454,10518387.318090148,382.9307469039455,116.03733667351403,93.59333754533864,104.81533710942634,1881093.3745610707,158846.51727099527
Sutherland 5-56H.csv,1400.0,26065.75,7532.0,24.274018995379446,0.049600000000000005,0.010110000000000001,0.21730538289596893,7990543.82671,0.7826946171040311,0.31438999999999995,35767186,0.09685295553614393,8866964.060746336,97.91551498655696,34.48153892776283,27.286079238259376,30.8838090830111,141116.0341084431,13667.50497694201
Sutherland 6-34H.csv,28400.0,49496.46,6993.0,116.16917731973828,0.07769999999999999,0.02598,0.24915194176542305,9767824.507579999,0.750848058234577,0.31553999999999993,42738357,0.09799105624823712,10847901.114914665,457.68114219451326,161.72289206826989,130.52135711812534,146.1221245931976,4801863.001469221,470539.62747329916
Tarragon 10-11H.csv,37700.0,51164.96,8130.0,97.95535170025809,0.06699999999999999,0.019069999999999997,0.2600826410633958,9095567.021359999,0.7399173589366042,0.3229000000000001,39835973,0.08759452031956788,10154299.017369622,384.28519180517503,153.7780585378229,123.31215720988418,138.54510787385354,3262174.397867409,285748.60157997085
Tarragon 4-119H.csv,32200.0,93221.44,9643.0,31.82870716410083,0.05949999999999999,0.015069999999999998,0.035203811215794495,10854447.74494,0.9647961887842054,0.30587000000000003,34882173,0.10770564387492264,11974764.26145442,92.7161859242861,41.58374356942225,32.86032219244759,37.22203288093492,329762.61968393973,35517.295278939964
Tribal 1-43H.csv,17100.0,25094.69,3789.0,54.01309648789511,0.049099999999999984,0.00992,0.15301441604661156,11290991.6251,0.8469855839533884,0.33562000000000014,36087594,0.10708801656057636,12724262.538328905,153.18787166379673,28.283618578467703,22.622997206768364,25.453307892618035,277223.86214557564,29687.35354043234
Tribal 11-185H.csv,79600.0,87587.72,8575.0,49.42138615662235,0.0361,0.00545,0.1537005670653361,8894174.6258,0.8462994329346639,0.28786,36401846,0.09861219872329924,9697764.136733407,185.50973839067643,75.36326123026865,59.845094662286854,67.60417794627776,494936.52276650636,48806.778738469446
Tribal 14-11H.csv,77000.0,36963.8,10128.0,17.07957818366249,0.023699999999999995,0.0027900000000000004,0.07534185987376418,8678828.78385,0.9246581401262358,0.31538000000000005,35889103,0.11558927492657615,9637409.3100727,63.60326939620168,29.806569256092477,23.52100410064866,26.66378667837057,48390.298676783874,5593.3995375299055
Tribal 14-4H.csv,12900.0,79389.72,8579.0,54.119562263454554,0.08139999999999999,0.029660000000000006,0.07420497635535545,7178213.185129999,0.9257950236446446,0.31488000000000005,36454201,0.10210241163951916,7968261.662780673,247.59294866021156,101.73623295807361,81.01733440017173,91.37678367912267,1807004.2842773655,184499.49526766228
Tribal 2-17H.csv,18500.0,26993.19,5586.0,61.62991691669982,0.05180000000000003,0.01107,0.14934437143937374,11706347.76589,0.8506556285606263,0.33808,36269180,0.1079933751922902,13217028.874092298,169.12019874741642,45.34399925804929,36.129350938335335,40.73667509819231,536402.1301457693,57927.876494775745
Tribal 4-215H.csv,36900.0,87154.27,11309.0,41.9544745773625,0.06390000000000001,0.017920000000000002,0.09840300274173654,10604123.415690001,0.9015969972582635,0.30187,34518701,0.10295465817903623,11667313.121362004,124.12574758934879,65.42678829608487,51.73071095477504,58.57874962542995,686533.1164905785,70681.78233687597
Tribal 6-134H.csv,5100.0,14239.81,4680.0,4.505779054987486,0.0492,0.010479999999999998,0.21582448315509137,6513093.334709998,0.7841755168449083,0.34424,35955602,0.08565406309444935,7388658.009748917,21.926579655913937,4.736384523683755,3.735074649733901,4.235729586708828,3570.313011287162,305.81181593572404
Tribal 8-141H.csv,72700.0,46411.54,8423.0,30.90520701032093,0.039900000000000005,0.006730000000000001,0.003936365355179973,9847052.16066,0.9960636346448201,0.30839999999999995,45253022,0.1005685187478752,10882050.033272574,128.51935145275363,50.78871439175051,40.22742120872489,45.5080678002377,271025.2953640665,27256.612497969534
